,code,name,roe1,roe2,roe3,roe4,roe5,roe6,roe7,roe8,roe9,roe10,roe11,roe12,roe_all,roe
562,26,飞亚达,-0.49,2.95,7.81,10.5,4.05,,2.44,4.6,6.79,8.13,7.15,6.37,60.3,5.025
319,32,深桑达A,1.2,2.49,5.27,9.42,1.23,,1.97,3.77,6.15,9.11,7.83,6.26,54.7,4.558333333
22,36,华联控股,5.9,9.22,10.88,11.23,2.05,,5.34,10,12.84,16.52,20.11,16.08,120.17,10.01416667
548,40,东旭蓝天,-0.4,-2.13,-1.5,-8.38,-0.68,,0.12,0.64,0.5,-7.12,7.7,10.94,-0.31,-0.025833333
563,46,泛海控股,-0.56,-1.89,-2.99,-27.83,-0.9,,9.2,7.99,10.89,5.09,4.62,8.58,12.2,1.016666667
309,60,中金岭南,1.3,3.35,5.24,8.15,2.03,,2.48,4.47,5.92,7.79,8.91,7.5,57.14,4.761666667
388,151,中成股份,0.74,0.87,0.93,-45.59,0.4,,0.05,-1.5,0.25,0.92,8.33,6.71,-27.89,-2.324166667
495,507,珠海港,0.22,2.44,2.86,5.02,1.46,,0.19,2.33,2.77,4.27,5.87,5,32.43,2.7025
677,530,冰山冷热,-1.76,-0.7,0.12,0.63,-0.86,,3.08,3.16,3.05,2.63,3.27,2.18,14.8,1.233333333
411,541,佛山照明,0.64,2.88,4.47,5.05,0.74,,1.86,3.86,5.27,6.17,8.74,7.43,47.11,3.925833333
214,563,陕国投A,1.89,3.54,4.61,5.81,1.44,,2.28,3.29,4.26,5.29,3.06,2.29,37.76,3.146666667
743,595,宝塔实业,-6.97,-9.74,-18.6,1.16,-1.8,,-3.42,-11.46,-16.11,-99.94,-15.69,-1.04,-183.61,-15.30083333
227,627,天茂集团,1.81,2.49,2.76,2.74,1.04,,1.62,3.67,4.99,8.36,6.98,5.37,41.83,3.485833333
15,661,长春高新,6.28,14.25,22.28,27.87,7.4,,6.6,12.31,19.34,21.95,19,16.35,173.63,14.46916667
598,665,湖北广电,-0.87,-0.25,-1.09,-11.22,-0.94,,0.98,1.91,2.19,1.51,2.87,3.21,-1.7,-0.141666667
658,668,荣丰控股,-1.37,-1.71,-2.19,-2.45,-0.95,,1.12,6.97,6.78,3.76,1.03,0.45,11.44,0.953333333
24,672,上峰水泥,5.82,17.62,24.27,29.89,4.96,,9.41,23.68,33.49,42.93,42.61,29.82,264.5,22.04166667
740,700,模塑科技,-6.11,-4.26,-1.44,0.52,3.02,,2.57,2.47,3.8,4.33,0.47,0.3,5.67,0.4725
671,715,中兴商业,-1.55,-0.75,1.25,6.28,1.5,,1.48,6.25,8.18,10.43,6.7,4.7,44.47,3.705833333
304,726,鲁泰A,1.32,1.83,1.23,1.26,0.95,,2.66,5.76,7.99,12.37,11.35,8.36,55.08,4.59
690,729,燕京啤酒,-1.9,2,3.55,1.48,-0.82,,0.45,3.79,4.71,1.75,1.38,4.55,20.94,1.745
426,735,罗牛山,0.54,1.63,2.39,2.43,1.05,,-0.33,-1.2,-1.05,0.73,9.78,9.93,25.9,2.158333333
272,738,航发控制,1.59,4.01,5.52,6.12,2.17,,1.23,3.25,4.52,4.99,4.84,4.37,42.61,3.550833333
737,759,中百集团,-5.63,-2.32,2.08,1.34,0.07,,0.77,1.07,1.1,0.3,12.71,13.66,25.15,2.095833333
482,768,中航西飞,0.26,1.41,2.72,5.07,0.87,,0.24,1.38,2.09,3.43,3.47,1.47,22.41,1.8675
709,780,ST平能,-2.75,-4.24,-6.28,-24.95,-3.65,,-4.39,-4.91,-4.51,-2.02,-6.03,-1.18,-64.91,-5.409166667
288,783,长江证券,1.5,3.36,6.67,7.17,2.36,,2.81,3.96,5.26,5.95,0.96,2.1,42.1,3.508333333
659,793,华闻集团,-1.38,-3.18,-3.03,-73.74,-2.3,,0.63,1.02,1.07,1.98,-106.1,0.23,-184.8,-15.4
377,800,一汽解放,0.83,8.94,10.79,10.87,6.77,,0.47,0.12,-3.44,0.65,1.91,1.67,39.58,3.298333333
287,828,东莞控股,1.51,4.42,8.78,11.72,2.99,,4.1,8.28,11.95,14.83,16.15,11.61,96.34,8.028333333
428,831,五矿稀土,0.53,6.68,5.71,11.33,3.95,,0.57,2.22,2.81,3.86,4.79,3.8,46.25,3.854166667
631,833,粤桂股份,-1.1,-1.22,-1.92,2.19,0.04,,0.19,1.68,1.86,2.95,3.24,3.56,11.47,0.955833333
5,848,承德露露,8.36,10.24,14.5,19.63,9.26,,10.35,14.62,19.16,23.29,21.48,18.83,169.72,14.14333333
686,851,高鸿股份,-1.8,-2.55,-3.54,-3.84,0.03,,-0.61,0.46,0.78,0.69,1.02,1.07,-8.29,-0.690833333
410,861,海印股份,0.64,2.07,3.47,0.81,0.33,,0.66,1.65,3.22,3.75,4,3.78,24.38,2.031666667
25,876,新希望,5.7,10.61,13.89,12.4,0.34,,3.05,6.91,12.75,19.34,7.9,6.79,99.68,8.306666667
718,885,城发环境,-3.48,1.03,6.78,13.06,3.96,,5.53,12.47,19,20.85,23.43,19,121.63,10.13583333
540,886,海南高速,-0.32,0.71,2.99,3.27,0.5,,0.96,1.6,1.96,2.23,5.98,5.64,25.52,2.126666667
427,892,欢瑞世纪,0.53,-4.87,-5.92,-41.99,0.98,,0.31,0.52,0.16,-20.76,9.41,5.24,-56.39,-4.699166667
7,895,双汇发展,8.15,19.24,20.02,26.32,5.71,,8.96,17.57,25.95,32.97,37.87,24.88,227.64,18.97
402,912,泸天化,0.68,2.13,3.41,7.02,0.92,,0.65,2.12,4.11,5.61,7.42,98.84,132.91,11.07583333
107,922,佳电股份,2.99,7.88,15.38,15.95,2.85,,5.01,9.57,12.97,15.81,15.2,14.24,117.85,9.820833333
147,923,河钢资源,2.48,4.28,9.39,13.07,5.75,,1.63,3.38,5.93,7.38,2.11,1.12,56.52,4.71
432,933,神火股份,0.5,2.71,10.48,5.13,7.74,,0.89,4.33,29.58,17.29,3.92,4.74,87.31,7.275833333
320,937,冀中能源,1.2,2.94,3.99,4.01,0.81,,1.14,2.24,3.49,4.4,4.38,4.21,32.81,2.734166667
358,938,紫光股份,0.88,3.06,4.44,6.36,0.96,,1.4,3.11,4.49,6.54,6.41,4.46,42.11,3.509166667
118,961,中南建设,2.8,9,15,24.66,2.32,,2.69,6.99,11.48,19.41,12.6,7.91,114.86,9.571666667
350,967,盈峰环境,0.91,3.26,5.55,8.19,0.88,,1.6,4.2,6.37,8.77,6.41,6.24,52.38,4.365
506,969,安泰科技,0.18,1.11,1.59,2.24,1.24,,1.26,1.68,2.57,3.68,-5.09,-1.81,8.65,0.720833333
406,976,华铁股份,0.67,3.71,5.93,9.12,0.9,,0.51,3.27,4.93,6.8,3.43,4.92,44.19,3.6825
722,978,桂林旅游,-4.39,-7.57,-8.79,-20.24,-4.33,,-0.12,0.64,3.45,3.45,5.11,5.03,-27.76,-2.313333333
265,997,新大陆,1.65,3.81,7.24,7.44,1.7,,4.44,7.61,11.05,12.01,11.14,9.32,77.41,6.450833333
52,999,华润三九,4.07,8.03,11.41,11.63,4.47,,9.72,14.15,15.85,16.81,13.22,10.59,119.95,9.995833333
390,1914,招商积余,0.73,2.18,3.99,5.23,1.38,,1.12,1.79,2.89,3.58,17.69,16.79,57.37,4.780833333
660,1965,招商公路,-1.46,-0.5,2.42,4.04,2.2,,2.15,4.86,6.88,8.75,8.6,6.69,44.63,3.719166667
373,2004,华邦健康,0.86,3.41,5.38,6.76,1.24,,1.09,3.31,5.55,6.63,5.64,5.15,45.02,3.751666667
384,2012,凯恩股份,0.77,2.76,4.53,6.75,1.8,,0.09,1.28,3.02,3.62,2,1.5,28.12,2.343333333
408,2013,中航机电,0.66,3.42,5.07,8.32,1.62,,0.62,3.46,5.89,9.85,9.09,5.59,53.59,4.465833333
50,2019,亿帆医药,4.11,8.77,10.86,11.47,1.53,,2.17,6.93,10.18,12.04,11.13,10.78,89.97,7.4975
137,2020,京新药业,2.57,6.44,10.24,16.67,3.18,,3.66,9.1,13.14,14.07,10.38,9.24,98.69,8.224166667
190,2022,科华生物,2.07,7.52,13.95,21.5,9.84,,2.24,6.09,8.91,8.58,9.54,9.2,99.44,8.286666667
203,2034,旺能环境,2.03,5.38,8.52,10.97,2.99,,1.71,5.38,7.81,10.03,8.42,6.29,69.53,5.794166667
286,2035,华帝股份,1.53,5.72,9.13,12.9,2.38,,4.99,14.87,18.61,24.86,26.13,17.88,139,11.58333333
344,2036,联创电子,1.01,3.42,7.87,4.51,0.98,,1.94,5.71,9.97,11.58,11.9,9.03,67.92,5.66
233,2039,黔源电力,1.78,5.53,14.19,13.95,1.36,,0.25,3.55,10.09,10.23,13.96,11.44,86.33,7.194166667
647,2046,国机精工,-1.27,0.85,1.99,2.24,1.64,,1.04,1.2,1.35,1.01,0.86,1.58,12.49,1.040833333
449,2047,宝鹰股份,0.42,2.5,3.46,2.65,0.47,,2.13,4.84,6.8,5.1,7.2,7.66,43.23,3.6025
739,2052,ST同洲,-5.72,-8.53,-19,-66.53,-6.98,,1.74,1.68,-5.07,-49.26,-55.38,-8.02,-221.07,-18.4225
117,2053,云南能投,2.9,4.53,4.21,5.56,2.19,,3.54,5.38,5.38,6.57,4.74,3.26,48.26,4.021666667
404,2055,得润电子,0.67,8.27,10.48,5.97,0.69,,0.79,1,1.74,-30.72,9.67,3.4,11.96,0.996666667
339,2060,粤水电,1.09,3.29,5.23,7.17,1.32,,1,2.7,3.76,7.23,6.59,3.05,42.43,3.535833333
516,2061,浙江交科,0.12,3.42,5.4,11.53,1.09,,0.71,3.25,6.27,9.35,17.02,14.13,72.29,6.024166667
346,2067,景兴纸业,0.98,2.51,4.34,6.55,2.31,,1.73,2.98,3.5,4.31,7.95,8.48,45.64,3.803333333
599,2073,软控股份,-0.88,0.13,0.49,2.22,0.15,,0.42,1.5,1.64,1.85,-7.31,1.67,1.88,0.156666667
456,2074,国轩高科,0.37,0.37,0.8,1.37,0.43,,2.31,4.02,6.44,0.57,6.8,7.58,31.06,2.588333333
77,2078,太阳纸业,3.52,6,8.84,12.12,6.41,,2.94,6.7,10.64,14.92,17.79,14.87,104.75,8.729166667
184,2081,金螳螂,2.15,6.39,10.43,13.95,2.72,,4.34,7.99,12.04,15.5,16.04,12.48,104.03,8.669166667
149,2083,孚日股份,2.47,3.78,5.88,6.1,2.38,,3.84,7.34,10.34,10.28,12.62,9.85,74.88,6.24
654,2084,海鸥住工,-1.32,2.45,5.65,8.6,1.35,,0.3,3.57,6.89,8.13,2.63,2.17,40.42,3.368333333
228,2088,鲁阳节能,1.81,5.33,9.95,15.57,4.55,,3.38,8.67,11.59,15.43,15.11,11.83,103.22,8.601666667
407,2090,金智科技,0.67,1.47,2.28,4.85,2.26,,2.36,7.27,7.39,7.42,7.46,6.58,50.01,4.1675
519,2092,中泰化学,0.06,-1.64,-2.43,0.77,3.73,,0.98,1.97,2.14,1.81,12.83,10,30.22,2.518333333
13,2100,天康生物,6.75,15.76,24.7,27.59,4.59,,0.89,2.26,7.91,14.03,9.77,8.23,122.48,10.20666667
640,2105,信隆健康,-1.19,8.42,18.68,25.25,8.32,,-1.45,3.41,8.86,7.64,2.14,1.01,81.09,6.7575
133,2110,三钢闽光,2.61,6.14,9.95,12.55,4.34,,4.98,12.61,15.8,19.61,35.49,30.37,154.45,12.87083333
234,2111,威海广泰,1.78,4.35,7.82,11.86,2.26,,2.09,4.18,9.48,11.35,8.52,6.53,70.22,5.851666667
171,2117,东港股份,2.22,4.94,7.8,10.31,2.71,,4.17,9.39,13.04,16.27,15.78,12.5,99.13,8.260833333
527,2122,ST天马,-0.09,4.77,6.03,9.99,0.85,,-4.14,-10.21,-20.89,-106.39,-19.77,-4.55,-144.4,-12.03333333
160,2135,东南网架,2.32,5.36,6.83,6.18,3.41,,2.12,4.56,5.52,6.25,4.23,3.72,50.5,4.208333333
83,2136,安纳达,3.31,5.06,6.86,8.59,3.87,,1.1,3.67,5.55,4.6,6.66,9.35,58.62,4.885
299,2140,东华科技,1.38,4.29,6.72,8.35,2.27,,1.43,4.09,5.84,7.97,7.04,5.73,55.11,4.5925
588,2149,西部材料,-0.8,0.83,2.05,3.07,1.18,,0.07,1.44,2.29,3.41,3.35,2.09,18.98,1.581666667
277,2152,广电运通,1.58,3.31,4.76,7.03,1.88,,2.23,4.18,5.64,8.37,7.71,5.18,51.87,4.3225
2,2157,正邦科技,8.77,19.89,35.38,24.7,0.89,,-6.81,-3.83,0.66,17.53,2.98,0.56,100.72,8.393333333
694,2162,悦心健康,-1.98,2.33,5.16,5.52,-1.12,,-0.81,1.52,3.51,3.87,2.6,2.2,22.8,1.9
609,2164,宁波东力,-0.95,198.33,241.77,233.11,3.07,,8.51,10.84,13.04,3.65,-485.96,-1726.33,-1500.92,-125.0766667
733,2167,东方锆业,-5.59,-5.92,-5.68,-14.62,0.14,,0.18,0.7,0.75,-24.19,1.01,1.43,-51.79,-4.315833333
11,2174,游族网络,6.94,8.71,9.73,-3.7,3.58,,3.64,8.11,12.9,5.18,22.37,16.54,94,7.833333333
547,2190,成飞集成,-0.37,-0.28,0.43,4.67,0.05,,-1.63,23.67,24.74,25.59,-11.38,-5.09,60.4,5.033333333
101,2191,劲嘉股份,3.01,5.89,9.07,11.09,3.32,,3.83,7.13,10.02,12.65,11.17,8.59,85.77,7.1475
571,2192,融捷股份,-0.69,0.48,0.67,3.69,0.31,,-2.26,-3.53,-6.29,-59.64,-0.92,-0.89,-69.07,-5.755833333
755,2200,ST云投,-22.92,-57.21,-124.23,-93.01,2.21,,4.38,7.72,15.01,18.17,-161.09,-109.93,-520.9,-43.40833333
238,2203,海亮股份,1.77,3.75,5.59,6.88,2.68,,3.75,7.76,9.67,11.31,11.31,8.74,73.21,6.100833333
164,2218,拓日新能,2.29,3.05,4.6,5.35,2.09,,0.22,1.48,2.48,2.63,3.08,2.54,29.81,2.484166667
89,2222,福晶科技,3.27,7.89,11.65,13.43,4.11,,4.04,8.38,11.68,13.87,17.13,15.26,110.71,9.225833333
218,2237,恒邦股份,1.88,2.8,2.96,4.89,1.76,,2.44,3.25,5.52,6.55,9.31,6.55,47.91,3.9925
542,2239,奥特佳,-0.35,-0.79,-0.88,-5.96,0.39,,0.11,0.42,0.46,1.92,0.76,7.66,3.74,0.311666667
464,2249,大洋电机,0.32,0.93,2.37,1.21,1.49,,-0.33,3.98,3.79,0.75,-37.58,1.63,-21.44,-1.786666667
178,2254,泰和新材,2.19,4.99,6.33,7.52,4.86,,1.86,4.22,6.62,9.22,7.25,6.59,61.65,5.1375
347,2261,拓维信息,0.97,1.44,2.58,1.89,1.03,2.34,0.47,1.16,2.46,0.88,-54.9,1.28,-38.4,-3.2
559,2272,川润股份,-0.47,1.59,3.65,4.68,1.13,,3.65,3.58,3.4,4.92,3.65,6.01,35.79,2.9825
452,2274,华昌化工,0.39,0.51,0.94,6.43,10.29,,2.28,7.13,8.96,7.38,5.4,4.65,54.36,4.53
745,2279,久其软件,-7.69,-12.36,-14.95,6.79,-4.11,,-5.54,-8.1,0.59,4.49,-74.21,7.88,-107.21,-8.934166667
642,2284,亚太股份,-1.21,-1.72,-1.36,0.61,0.56,,-0.15,-1.53,-2.75,-3.7,0.28,1.25,-9.72,-0.81
362,2286,保龄宝,0.88,2.71,3.34,3.11,0.54,,0.66,1.56,2.55,2.24,2.78,2.84,23.21,1.934166667
691,2288,超华科技,-1.95,-2.57,-1.56,1.35,2.06,,0.12,2.03,1.62,1.17,2.22,2.62,7.11,0.5925
688,2289,宇顺电子,-1.89,-4.56,-7.14,-10.57,-1.63,,-7.29,-15.09,-19.22,3.95,-48.72,-16.69,-128.85,-10.7375
246,2293,罗莱生活,1.7,4.31,8.91,13.64,4.08,,3.68,5.6,9.25,13.3,14.12,10.44,89.03,7.419166667
500,2325,洪涛股份,0.2,0.5,-1.75,-12.56,0.31,,2.15,2.42,3.27,1.17,-13.19,3.74,-13.74,-1.145
412,2328,新朋股份,0.63,1.35,3.42,5.55,1.13,,0.84,1.84,3.14,4.2,4.04,2.97,29.11,2.425833333
697,2333,罗普斯金,-2.01,-1.55,-1.12,2.07,0.05,,4.62,3.94,3.03,3.86,-11.61,-4.71,-3.43,-0.285833333
476,2342,巨力索具,0.28,0.62,0.73,1.34,0.3,,0.37,0.6,0.7,0.74,0.73,0.64,7.05,0.5875
605,2343,慈文传媒,-0.94,-0.38,-1.12,-31.41,-1.49,,0.42,5.44,5.74,10.04,-74.13,8.71,-79.12,-6.593333333
378,2363,隆基机械,0.83,1.55,2.5,2.11,0.72,,0.89,1.96,2.91,2.62,3.51,3.26,22.86,1.905
634,2364,中恒电气,-1.14,1.52,4.39,3.82,0.83,,0.53,1.95,2.94,3.57,3.46,3.91,25.78,2.148333333
447,2368,太极股份,0.43,0.67,2.39,10.48,0.55,,0.67,0.77,2.68,10.33,11.1,2.67,42.74,3.561666667
442,2371,北方华创,0.45,3.06,5.18,7.91,1.06,,0.55,3.52,5.86,5.27,6.58,4.86,44.3,3.691666667
721,2379,宏创控股,-4.02,-5.12,-6.66,-11.62,-2.6,,0.46,17.31,20.22,20.48,0.68,0.66,29.79,2.4825
546,2386,天原股份,-0.36,-0.87,0.3,2.29,2.34,,0.92,1.68,1.58,1.58,3.11,2.99,15.56,1.296666667
383,2388,新亚制程,0.78,2.37,3.02,5.8,1.12,,0.71,2.1,2.96,4.35,2.8,1.99,28,2.333333333
282,2397,梦洁股份,1.56,2.51,1.4,2.48,1.87,,2.8,4.3,5.08,4.44,4.24,4.59,35.27,2.939166667
256,2406,远东传动,1.68,5.71,7.98,9.67,2.41,,2.61,5.55,6.84,9.42,11.12,7.79,70.78,5.898333333
159,2412,汉森制药,2.33,3.43,5.37,6.65,2.79,,2.86,4.98,7.02,10.61,10.82,6.61,63.47,5.289166667
143,2417,深南股份,2.55,3.58,7.43,6.64,-0.53,,-0.32,-2.04,0.19,3.59,-16.35,-10.79,-6.05,-0.504166667
575,2419,天虹股份,-0.72,0.55,1.93,3.78,0.99,,4.55,7.63,9.67,12.36,13.77,10.62,65.13,5.4275
206,2425,凯撒文化,1.95,2.81,3.57,2.95,2.88,,2.9,4.45,4.98,5.12,7.1,4.85,43.56,3.63
479,2426,胜利精密,0.28,11.98,12.72,8.49,1.59,,-2.19,-2.39,-4.85,-73.66,-9.09,3.38,-53.74,-4.478333333
173,2430,杭氧股份,2.21,6.87,10.34,13.26,4.48,,3.16,7.19,9.36,10.99,13.95,10.59,92.4,7.7
202,2438,江苏神通,2.04,4.61,7.67,9.99,2.96,,2.73,4.84,6.78,8.73,5.73,3.46,59.54,4.961666667
145,2440,闰土股份,2.55,4.28,6.23,8.61,1.9,,3.16,10.05,12.7,15.61,16.48,13.23,94.8,7.9
508,2446,盛路通信,0.18,1.43,5.94,5.94,1.35,,1.88,2.66,3.54,-27.01,4.28,4.29,4.48,0.373333333
335,2449,国星光电,1.1,1.77,2.17,2.82,1.01,,2.97,5.69,8.74,11.14,12.9,11.31,61.62,5.135
655,2451,摩恩电气,-1.35,-1.83,-1.74,1.05,0.37,,7.98,6.58,6.2,5.23,1.26,0.9,24.65,2.054166667
629,2455,百川股份,-1.1,0.76,2.35,4.63,2.49,,1.77,3.32,4.96,4.87,7.88,6.5,38.43,3.2025
289,2456,欧菲光,1.46,5.05,7.31,-26.07,1.02,,-3.07,0.24,2.06,5.39,-6.04,13.15,0.5,0.041666667
19,2458,益生股份,6.05,6.12,4.54,2.93,3.43,8.07,19.96,36.94,51.03,60.43,22.74,9.83,232.07,19.33916667
517,2460,赣锋锂业,0.09,1.89,3.32,9.57,4.01,,3.1,3.7,4.05,4.28,15.43,22.5,71.94,5.995
748,2466,天齐锂业,-8.22,-11.02,-18.84,-35.22,-5.01,,1.09,1.9,1.37,-85.93,21.7,16.56,-121.62,-10.135
252,2467,二六三,1.69,6.06,16.3,14.7,-1.67,,1.85,3.27,4.57,8.46,4.52,3.64,63.39,5.2825
741,2471,中超控股,-6.96,-3.98,-2.12,0.76,-3.11,,0.45,2.23,-1.52,-32.07,4.56,6.3,-35.46,-2.955
564,2472,双环传动,-0.6,0.03,0.41,1.43,1.43,,1.08,2.02,2.73,2.18,5.43,5.38,21.52,1.793333333
38,2475,立讯精密,4.53,11.14,18.76,25.71,4.58,,3.82,8.95,15.77,23.22,17.56,11.51,145.55,12.12916667
467,2483,润邦股份,0.32,1.93,3.77,6.48,2.3,,0.98,1.73,2.27,5.34,2.59,2.62,30.33,2.5275
594,2485,希努尔,-0.83,-1.53,-1.14,-0.91,-0.23,,0.08,0.32,3.72,4.04,5.79,3.65,12.96,1.08
152,2487,大金重工,2.46,7.4,13.32,19.29,3.08,,0.63,3.2,5.71,8.74,3.45,2.6,69.88,5.823333333
719,2510,天汽模,-3.69,-3.12,-4.78,-39.72,-0.42,,0.91,2.73,3.37,3.34,8.18,4.14,-29.06,-2.421666667
42,2511,中顺洁柔,4.3,9.98,14.04,17.96,5.3,,3.58,7.54,11.45,14.81,12.29,9.48,110.73,9.2275
549,2533,金杯电工,-0.4,2.52,5.49,7.52,1.72,,1.57,3.73,5.86,7.95,5.65,4.74,46.35,3.8625
279,2538,司尔特,1.56,3.42,5.05,7.24,2.17,,1.2,2.77,5.27,6.2,8.52,5.46,48.86,4.071666667
376,2541,鸿路钢构,0.83,3.74,9.37,13.36,2.95,,1.51,3.72,7.16,11.32,9.4,7.66,71.02,5.918333333
351,2542,中化岩土,0.91,2.56,4.04,4.53,1.02,,1.05,2.59,4.17,6.12,5.75,4.31,37.05,3.0875
71,2548,金新农,3.59,9.18,15,5,0.72,,-0.8,1.01,2.03,7.65,-22.22,-3.38,17.78,1.481666667
298,2551,尚荣医疗,1.41,3.19,4.31,5.43,1.69,,1.27,2.31,2.45,2.55,4.21,4.43,33.25,2.770833333
57,2557,洽洽食品,3.94,8.19,13.82,19.13,4.51,,3.31,6.69,11.59,16.51,13.01,9.48,110.18,9.181666667
357,2562,兄弟科技,0.89,3.15,4.07,0.92,0.36,,-1.13,-0.02,0.83,1.89,0.96,3.34,15.26,1.271666667
296,2579,中京电子,1.41,3.99,4.23,6.06,1.57,,1.38,5.27,9.78,11.09,8.07,5.86,58.71,4.8925
78,2597,金禾实业,3.5,7.85,11.19,14.52,4.07,,4.4,9.95,14.59,18.04,23.25,20.02,131.38,10.94833333
670,2599,盛通股份,-1.53,-0.72,1.33,-25,1.73,,0.74,2.92,4.67,8.11,7.91,4.61,4.77,0.3975
17,2601,龙佰集团,6.08,9.64,13.85,16.12,6.06,,4.8,9.93,15.17,18.7,18.39,14.06,132.8,11.06666667
706,2615,哈尔斯,-2.62,-3.79,-1.64,-3.49,3.06,,1.53,6.33,9.8,6.18,12.05,10.25,37.66,3.138333333
414,2623,亚玛顿,0.63,1.89,3.31,5.87,1.92,,-0.97,-0.35,0.07,-4.62,3.57,2.93,14.25,1.1875
754,2629,ST仁智,-12.48,-29.03,-76.84,-46.09,-18.58,-24.29,-26.58,-21.26,-80.04,55.86,-2453.76,-3.24,-2736.33,-228.0275
60,2637,赞宇科技,3.9,6.86,12.56,11.8,5.2,,1.89,7.34,9.17,13.16,7.85,6.78,86.51,7.209166667
526,2638,勤上股份,-0.01,-0.42,-0.55,1.25,0.04,-1.94,0.06,0.17,0.02,0.8,-31.74,1.37,-30.95,-2.579166667
651,2639,雪人股份,-1.3,-1.26,-1.88,-8.56,-1.37,,0.1,0.51,2.42,2.47,0.68,0.6,-7.59,-0.6325
492,2649,博彦科技,0.23,4.02,7.65,10.86,1.8,,1.4,4.22,7.46,8.99,9.14,7.21,62.98,5.248333333
633,2658,雪迪龙,-1.13,0.44,2.87,6.76,1.11,,0.47,2.61,4.65,6.58,8.43,6.65,39.44,3.286666667
595,2663,普邦股份,-0.85,-0.53,-0.25,-5.6,-0.22,,0.18,1.71,1.98,-24.42,0.83,2.66,-24.51,-2.0425
494,2668,奥马电器,0.22,2.06,6.66,-24.73,0.41,,3.74,11.24,11.29,2.08,-81.04,7.28,-60.79,-5.065833333
316,2687,乔治白,1.21,3.18,5.8,11.28,1.26,,1.48,5.22,7.35,12.65,10.52,5.78,65.73,5.4775
276,2690,美亚光电,1.58,7.4,15.05,19.08,4.46,,2.57,10.11,17.91,22.84,19.39,14.66,135.05,11.25416667
34,2698,博实股份,4.76,9.64,13.23,15.78,5.51,,4.09,7.75,11.24,13.4,8.81,6.52,100.73,8.394166667
648,2707,众信旅游,-1.28,-8.21,-14.04,-175.58,-9.68,,2.66,4.47,4.68,2.84,1.03,8.65,-184.46,-15.37166667
425,2712,思美传媒,0.56,1.26,1.55,-59.17,0.63,,3.62,5.21,5.9,1.49,0.95,5.75,-32.25,-2.6875
45,2727,一心堂,4.26,8.49,11.03,13.7,4.3,,4.32,7.81,10.84,13.14,12.88,10.61,101.38,8.448333333
217,2728,特一药业,1.89,2.57,2.7,4.05,3.71,,3.92,8.51,12.03,14.89,13.99,11.4,79.66,6.638333333
698,2748,世龙实业,-2.01,-2.65,-2.15,-14.63,1.41,,0.27,0.43,-1.05,-1.62,4.87,2.93,-14.2,-1.183333333
54,2755,奥赛康,4.06,8.98,17.19,23.83,5.56,,9.25,18.07,25.27,31.06,36.45,1.87,181.59,15.1325
421,2758,浙农股份,0.57,1.53,3.46,11.86,2.63,,1.2,2.91,4.03,3.75,5.43,4.29,41.66,3.471666667
557,2775,文科园林,-0.47,3.87,5.22,6.48,0.37,,0.69,5.38,7.84,9.6,9.98,7.81,56.77,4.730833333
487,2787,华源控股,0.25,1.94,3.64,2.95,0.35,,0.49,1.73,2.86,4.4,3.73,4.12,26.46,2.205
300,2798,帝欧家居,1.36,6.49,9.93,13.3,1.74,,1.98,7.12,12.24,15.51,11.72,8.75,90.14,7.511666667
662,2806,华锋股份,-1.46,-2.2,-2.93,-28.95,-1.28,,-0.23,0.11,0.26,2.49,6.2,1.92,-26.07,-2.1725
244,2807,江阴银行,1.75,3.5,5.52,8.71,1.85,,1.76,3.62,5.61,8.61,8.15,5.41,54.49,4.540833333
385,2811,郑中设计,0.76,1.16,2.25,1.71,1.05,,1.67,3.44,6.1,8.2,8.15,5.77,40.26,3.355
95,2815,崇达技术,3.14,6.94,9.04,10.49,2.83,,4.06,9.06,10.99,13.6,19.28,15.63,105.06,8.755
96,2818,富森美,3.13,6.03,9.35,13.86,2.94,,3.95,8.58,12.6,16.14,16.32,13.02,105.92,8.826666667
93,2841,视源股份,3.16,10.7,20.82,26.41,2.71,,4.99,14.56,30.21,32.68,29.5,26.44,202.18,16.84833333
189,2846,英联股份,2.09,6.26,8.37,9.48,1.96,,3.66,7.04,10.22,11.23,7.41,4.51,72.23,6.019166667
136,2851,麦格米特,2.59,7.1,9.95,13.12,2.56,,3.4,9.1,14.61,18.75,12.27,7.94,101.39,8.449166667
132,2860,星帅尔,2.62,5.49,8.86,10.43,4.53,,3.32,6.79,13.87,15.65,13.43,11.05,96.04,8.003333333
529,2875,安奈儿,-0.1,-1.63,-3.96,-5.55,5.01,,5.29,6.23,3.76,4.74,9.69,6.86,30.34,2.528333333
170,2892,科力尔,2.25,6.57,11.13,13.76,2.86,,3.44,6.72,10.29,12.86,11.11,8.02,89.01,7.4175
268,2911,佛燃能源,1.62,7.49,12,14.01,2.07,,2.2,8.76,13.17,13.06,13.99,13.05,101.42,8.451666667
82,2958,青农商行,3.36,5.92,9.41,10.26,2.87,,3.3,6.2,9.9,11.56,11.79,10.29,84.86,7.071666667
538,300005,探路者,-0.25,-6.44,-8.19,-13.02,0.52,,1.71,3.4,4.1,4.64,-7.78,0.99,-20.32,-1.693333333
91,300014,亿纬锂能,3.23,4.69,11.36,11.49,4.23,,5.32,7.66,16.11,20.15,16.02,11.1,111.36,9.28
328,300019,硅宝科技,1.15,7.82,13.72,19.18,1.48,,1.85,5.55,9.86,14.75,8.58,2.8,86.74,7.228333333
312,300030,阳普医疗,1.29,11.18,19.9,16.25,3.18,,0.55,1.98,2.74,3.11,-16.87,1.57,44.88,3.74
524,300046,台基股份,-0.01,2.96,4.85,5.01,1.63,3.24,2.5,4.97,8.04,-36.06,9.57,8.45,15.15,1.2625
455,300054,鼎龙股份,0.37,5.16,6.17,-4.5,1.02,,1.44,3.79,4.68,0.9,7.94,6.27,33.24,2.77
537,300057,万顺新材,-0.18,1.03,1.47,2.11,0.19,,0.79,1.42,2.55,3.96,4.53,2.67,20.54,1.711666667
67,300059,东方财富,3.76,7.54,10.68,14.41,5.44,9.69,2.1,4.3,6.71,8.63,6.1,5.15,84.51,7.0425
626,300065,海兰信,-1.07,0.22,2.42,3.51,-1.91,,1.68,3.57,5.16,5.77,6.23,7.03,32.61,2.7175
329,300066,三川智慧,1.15,4.42,7.65,10.97,1.71,,1.3,3.57,7,10.82,6.12,5.24,59.95,4.995833333
459,300070,碧水源,0.36,0.52,0.84,5.51,0.08,,0.44,0.13,1.89,6.85,6.61,3.09,26.32,2.193333333
744,300096,易联众,-7.58,-7.04,-6.06,1.59,-8.68,,-2.89,-2.17,0.15,1.43,1.97,-2.42,-31.7,-2.641666667
580,300106,西部牧业,-0.77,0.36,1.11,2.06,0.37,2.16,0.18,0.29,0.19,-10.09,3.09,3.59,2.54,0.211666667
454,300109,新开源,0.39,1.63,2.46,1.44,1.98,,2.22,2.01,3.43,4.02,7.02,6.34,32.94,2.745
417,300123,亚光科技,0.61,0.95,0.98,0.68,0.4,,0.83,1.57,2.66,5.61,3.36,1.88,19.53,1.6275
207,300124,汇川技术,1.94,8.42,15.1,19.74,5.69,,1.98,6.15,9.58,11.04,18.69,13.51,111.84,9.32
305,300136,信维通信,1.31,6.57,13.76,17.6,2.04,3.02,6.16,9.12,18.38,21.62,26.82,24.3,150.7,12.55833333
434,300137,先河环保,0.49,3.32,5.59,6.47,0.52,,1.3,5.06,8.93,12.73,14.34,8.49,67.24,5.603333333
602,300143,盈康生命,-0.88,1.97,2.01,5.79,0.52,,0.04,1.14,1.87,-52.55,2.45,3.33,-34.31,-2.859166667
730,300168,万达信息,-4.95,-7.47,-8.68,-88.21,0.29,,0.46,0.96,1.09,-48.32,6.38,4.31,-144.14,-12.01166667
656,300177,中海达,-1.36,2.11,4.57,4.85,0.24,,1.21,2.06,2.14,-8.94,5.24,4.16,16.28,1.356666667
321,300190,维尔利,1.2,3.97,7.08,8.35,1.28,,1.97,4.19,5.98,8.12,6.42,4.31,52.87,4.405833333
195,300196,长海股份,2.05,4.55,7.03,9.13,3.45,,2.17,5.74,8.94,10.8,10.63,7.95,72.44,6.036666667
20,300206,理邦仪器,5.92,28.39,34.82,36.06,6.57,,2.89,6.59,8.79,10.21,7.43,7.12,154.79,12.89916667
678,300207,欣旺达,-1.78,0.1,7.37,11.76,1.81,,2.4,4.2,9.1,13.01,13.08,8.5,69.55,5.795833333
578,300218,安利股份,-0.76,-1.58,1.63,4.71,2.51,,0.31,1.8,4.94,6.75,2.31,0.33,22.95,1.9125
280,300231,银信科技,1.56,6.9,9.95,11.56,1.55,,1.44,5.76,9.44,10.89,8.11,7.3,74.46,6.205
409,300236,上海新阳,0.66,0.5,3.35,5.8,0.07,,0.5,18.18,18.39,13.99,0.52,-0.19,61.77,5.1475
668,300237,美晨生态,-1.5,0.3,0.12,1.61,-1.74,,2.5,3.83,3.59,2.28,10.6,10.97,32.56,2.713333333
270,300243,瑞丰高材,1.61,4.52,8.39,11.44,4.01,,3.43,6.89,8.79,11.04,14.99,13.37,88.48,7.373333333
615,300250,初灵信息,-1,0.79,1.5,-52.44,0.38,,0.85,2.49,4.2,4.57,-25,3.68,-59.98,-4.998333333
515,300265,通光线缆,0.13,2.77,3.89,4.55,0.96,,0.24,2.73,3.33,2.54,3.75,3.11,28,2.333333333
518,300272,开能健康,0.07,2.55,5.77,2.25,2.15,,0.91,3.66,5.94,8.4,30.09,29.14,90.93,7.5775
636,300289,利德曼,-1.18,-0.45,0.37,-4.04,0.49,,0.45,0.61,0.81,0.47,3.08,4.53,5.14,0.428333333
157,300294,博雅生物,2.39,4.01,5.49,6.33,2.39,,2.44,5.76,8.37,10.89,12.66,8.03,68.76,5.73
509,300296,利亚德,0.17,2.64,3.69,-13.5,1.42,,4.23,6.77,9.61,8.39,16.29,12.45,52.16,4.346666667
617,300297,蓝盾股份,-1,-1.78,0.53,-39.63,-4.91,,1.4,2.95,3.55,-24.33,8.95,5.31,-48.96,-4.08
567,300317,珈伟新能,-0.63,0.88,0.57,1.53,0.59,,-0.99,-0.93,-2.11,-56.29,-66.6,0.22,-123.76,-10.31333333
382,300321,同大股份,0.8,1.25,2.1,3.19,0.52,,0.82,2.74,4.09,6.06,4.67,2.97,29.21,2.434166667
49,300327,中颖电子,4.16,10,15.1,19.76,5.97,,3.62,10.38,14.64,19.58,19.56,14.91,137.68,11.47333333
553,300332,天壕环境,-0.42,1.09,1.01,1.57,0.22,,0.13,1.2,1.36,1.38,2.43,0.9,10.87,0.905833333
570,300333,兆日科技,-0.67,0.7,0.22,-2.49,-0.48,,0.47,1.15,1.52,1.49,1.47,2,5.38,0.448333333
632,300335,迪森股份,-1.13,0.23,2.65,2.13,0.41,,2.08,3.6,5.83,5.35,11.89,11.02,44.06,3.671666667
423,300340,科恒股份,0.56,-2.46,-5.1,-107.4,0.31,,1.52,1.71,1.41,2.09,4.01,3.53,-99.82,-8.318333333
119,300346,南大光电,2.77,6.81,6.83,6.59,3.11,,1.3,2.2,3.74,4.51,4.31,4.02,46.19,3.849166667
306,300351,永贵电器,1.31,2.23,3.82,5.28,1.36,,1.04,2.38,3.58,-22.86,-19.72,3.99,-17.59,-1.465833333
284,300363,博腾股份,1.54,4.15,7.25,9.56,2.53,,0.56,2.23,4.52,6.05,4.31,3.61,46.31,3.859166667
322,300371,汇中股份,1.19,5.53,10.34,15.59,1.17,,1.12,4.33,9.53,15.33,13.13,8.45,85.71,7.1425
187,300373,扬杰科技,2.12,5.4,9.41,13.02,3.42,,1.44,3.64,6.05,8.85,7.79,9.57,70.71,5.8925
720,300378,鼎捷软件,-3.9,-1.07,4.89,7.98,-1.14,,-0.97,3.07,4.57,7.37,6,4.44,31.24,2.603333333
138,300383,光环新网,2.57,5.13,7.56,9.87,2.36,,2.52,4.96,7.51,9.87,8.89,7.05,68.29,5.690833333
301,300388,节能国祯,1.33,4.41,7.07,8.52,1.69,,2.58,6.57,7.45,9.46,12.63,10.53,72.24,6.02
186,300398,飞凯材料,2.12,4.36,6.55,8.07,2.36,,3.32,5.4,7.92,10.57,13.01,11.82,75.5,6.291666667
460,300399,天利科技,0.35,4.3,4.72,5.72,-0.73,,1.72,-2.78,-0.62,4.2,5.8,-1.19,21.49,1.790833333
161,300403,汉宇集团,2.3,5.19,9.79,13.59,4.85,,2.51,4.98,8.38,11.86,12.22,9.76,85.43,7.119166667
716,300407,凯发电气,-3.32,-0.14,1.18,5.91,-1.85,,-2.72,0.91,1.85,5.07,1.35,0.47,8.71,0.725833333
463,300409,道氏技术,0.33,1.02,2.42,2.44,1.89,,-3.55,-2.72,-0.52,0.97,9.45,13.15,24.88,2.073333333
534,300416,苏试试验,-0.13,5.56,7.76,12.07,1.61,,0.45,4.63,7.01,10.33,9.04,5.92,64.25,5.354166667
416,300421,力星股份,0.61,1.84,3.42,5.23,2.74,,1.56,2.71,3.46,3.44,6.43,4.55,35.99,2.999166667
302,300425,中建环能,1.32,2.53,4.56,9.11,1.55,,1.25,2.42,3.83,9.18,8.81,5.78,50.34,4.195
285,300429,强力新材,1.53,3.38,4.98,4.8,1.62,,2.07,5.45,7.92,8.99,9.38,7.35,57.47,4.789166667
644,300430,诚益通,-1.22,-0.36,1.16,3.42,0.75,,0.87,2.65,3.22,4.77,6.29,3.85,25.4,2.116666667
40,300432,富临精工,4.52,7.66,12.63,15.87,4.63,,1.97,4.56,14.68,29.38,-141.06,3.26,-41.9,-3.491666667
313,300437,清水源,1.24,2.37,4.34,-30.5,0.28,,2.23,4.57,6.45,7.15,17.3,11.57,27,2.25
375,300438,鹏辉能源,0.85,2.95,5.69,2.16,2.21,,1.99,5.88,11.01,7.22,11.9,12.07,63.93,5.3275
503,300440,运达科技,0.2,3.3,5.65,10.53,0.23,,0.19,3,6.11,10.04,8.91,4.46,52.62,4.385
308,300441,鲍斯股份,1.31,7.79,13,7.22,5.61,11.61,1.45,3.91,6.34,-10.73,7.78,8.59,63.88,5.323333333
240,300453,三鑫医疗,1.77,6.43,11.18,14.72,4.15,8.83,0.81,2.79,6.25,9.21,6.78,4.92,77.84,6.486666667
489,300456,赛微电子,0.24,0.41,2.55,6.52,1.12,,0.45,1.08,1.87,4.28,6.25,5.54,30.31,2.525833333
28,300459,金科文化,5.64,11.25,14.23,27.41,7.71,,3.54,6.39,8.99,-75.36,12.48,11.11,33.39,2.7825
29,300461,田中精机,5.3,24.29,38.3,58.46,7.61,,12.72,-62.32,-52.95,-680.87,-36.29,21.68,-664.07,-55.33916667
422,300473,德尔股份,0.57,-3.12,-2.59,-21.78,1.3,,1.3,2.01,2.82,2.64,6.98,7.65,-2.22,-0.185
48,300482,万孚生物,4.21,17.32,20.09,22.31,5.15,,3.61,10,13.71,17.42,15.9,11.97,141.69,11.8075
223,300484,蓝海华腾,1.86,4.94,6.82,8.68,1.46,,1.31,1.32,-12.94,-27.8,3.47,2.01,-8.87,-0.739166667
363,300486,东杰智能,0.88,2.46,3.8,6.97,1.06,,0.78,2.37,4.02,6.44,5.79,4.21,38.78,3.231666667
418,300488,恒锋工具,0.6,3.69,6.01,7.7,1.89,,2.28,6.6,8.43,12.64,7.42,9.41,66.67,5.555833333
590,300490,华自科技,-0.82,-1.39,-0.72,1.71,0.17,,0.22,1.54,3.26,4.98,6.03,2.78,17.76,1.48
702,300491,通合科技,-2.57,-1.94,1.02,5.97,-0.53,,-0.08,1.07,2.87,4.43,-3.42,0.75,7.57,0.630833333
245,300505,川金诺,1.71,3.66,5.21,3.96,-0.52,,1.39,3.98,6.02,7.85,8.91,5.98,48.15,4.0125
712,300506,名家汇,-3.01,-3.67,-3.5,-26.26,3.7,,3.6,9.49,12.29,7.35,16.79,13.93,30.71,2.559166667
0,300511,雪榕生物,8.9,8.4,10.96,12.15,4.72,,7.98,7.06,6.74,12.65,9.65,8.66,97.87,8.155833333
652,300523,辰安科技,-1.31,-0.21,0.21,5.8,-5.17,,0.14,-5.3,1.39,8.13,10.63,8.67,22.98,1.915
565,300530,*ST达志,-0.61,2.15,-1.94,-16.31,-13.87,,1.69,3.52,4.7,5.62,10.88,8.89,4.72,0.393333333
610,300535,达威股份,-0.96,0.49,4.4,6.93,1.14,,1.15,2.7,3.93,5.22,5.85,5.11,35.96,2.996666667
444,300537,广信材料,0.44,1.35,0.92,-19.42,0.73,,2.6,3.99,5.5,5.42,4.34,2.95,8.82,0.735
439,300554,三超新材,0.45,2.52,4.12,3.48,0.96,,0.28,1.27,2.43,1.96,7.42,12.05,36.94,3.078333333
613,300555,路通视信,-0.99,-0.51,0.18,0.53,0.34,,0.23,0.38,0.39,0.77,1.62,2.12,5.06,0.421666667
140,300563,神宇股份,2.56,3.49,5.68,6.81,1.76,,2.58,4.98,7.27,10.15,9.12,7.08,61.48,5.123333333
450,300567,精测电子,0.42,3.25,9.42,13.88,3.55,,6.53,12.07,15.79,18.61,24.96,18.94,127.42,10.61833333
253,300576,容大感光,1.69,4.77,8.3,11.1,3.08,,2.13,4.15,5.81,8.16,9.62,7.3,66.11,5.509166667
193,300580,贝斯特,2.05,4.06,7.68,9.69,3.19,,2.3,5.08,7.96,11.04,11.47,8.28,72.8,6.066666667
401,300585,奥联电子,0.7,3.16,7.62,5.89,2.51,,1.12,2.91,4.66,4.34,9.75,7.49,50.15,4.179166667
222,300590,移为通信,1.87,4.1,5.95,8.39,2.24,6.44,3.02,7.07,10.68,16.15,14.41,10.05,90.37,7.530833333
121,300595,欧普康视,2.75,8.79,17.34,24.73,7.27,,4.65,10.41,18.39,23.06,21.11,17.28,155.78,12.98166667
392,300600,国瑞科技,0.7,2.56,4.02,5.84,0.38,,1.23,2.9,6.48,7.65,9.84,8.18,49.78,4.148333333
727,300608,思特奇,-4.79,-0.85,-2.82,8.32,-4.69,,-6.17,-1.11,0.51,11.69,11.93,0.49,12.51,1.0425
168,300610,晨化股份,2.26,6.25,10.34,14.39,5.02,,1.88,4.75,8.27,11.18,11.41,8.71,84.46,7.038333333
86,300617,安靠智电,3.31,7.78,14.06,14.31,5.97,,2.54,4.61,5.73,7.7,8.8,7.15,81.96,6.83
314,300618,寒锐钴业,1.22,3.28,4.28,8.63,2.32,,-3.05,-4.64,-2.32,0.77,37.23,39.23,86.95,7.245833333
717,300619,金银河,-3.39,-2.43,0.46,2.41,-2.08,,0.89,5.93,7.73,8.44,10.14,8.81,36.91,3.075833333
8,300628,亿联网络,7.68,14.3,20.68,24.57,6.71,,6.99,16.19,23.84,28.1,24.33,19.95,193.34,16.11166667
340,300631,久吾高科,1.05,3.01,4.65,10.08,0.8,,0.85,2,4.96,8.13,8.81,5.24,49.58,4.131666667
123,300632,光莆股份,2.74,9.3,5.68,7.06,2.04,,3.97,10.3,18.4,21.69,19.01,12.37,112.56,9.38
310,300634,彩讯股份,1.29,4.39,6.21,9.36,1.43,,2.19,4.42,6.93,9.77,12.74,7.05,65.78,5.481666667
551,300637,扬帆新材,-0.41,2.48,2.55,3.63,1.83,,4.94,9.43,12.28,13.05,19.59,16.31,85.68,7.14
387,300644,南京聚隆,0.74,6.62,7.15,8.47,2.04,,0.87,1.95,2.49,4.21,3.38,2.18,40.1,3.341666667
131,300661,圣邦股份,2.62,8.46,15.19,19.32,4.78,,1.76,6.52,11.95,15.78,11.83,8.76,106.97,8.914166667
711,300665,飞鹿股份,-2.96,0.34,3.03,4.6,-1.42,,-0.33,1.01,2.54,4.68,5.52,4.04,21.05,1.754166667
192,300668,杰恩设计,2.06,2.92,3.57,4.38,0.68,,4.91,8.89,13.5,16.99,20.47,15.99,94.36,7.863333333
332,300673,佩蒂股份,1.13,2.73,5.14,7.1,1.42,,0.62,2.41,3.16,4.87,14.46,11.17,54.21,4.5175
726,300675,建科院,-4.66,0.7,3.32,8.71,-2.99,,-5.6,-2.94,-5.93,7.79,7.81,0.89,7.1,0.591666667
14,300677,英科医疗,6.74,52.19,72.28,74.99,28.48,,2.58,5.37,8.86,12.07,14.08,10.63,288.27,24.0225
389,300682,朗新科技,0.74,1.74,2.84,12.77,0.91,,-2.11,13.97,14.7,21.99,9.82,-9.74,67.63,5.635833333
488,300683,海特生物,0.24,-0.21,-0.61,-1.46,0.84,,1.73,3.19,3.87,3.59,5.53,4.51,21.22,1.768333333
458,300687,赛意信息,0.36,5.52,11.57,16.41,0.99,,-0.03,1.39,6.31,7.92,13.15,8.38,71.97,5.9975
44,300690,双一科技,4.28,11.58,22.96,25.08,4.06,8.22,3.66,7.49,12.31,14.8,9.61,8.24,132.29,11.02416667
625,300691,联合光电,-1.07,1.22,2.53,5.24,1.58,,1.39,3.08,5.25,8.1,8.56,6.74,42.62,3.551666667
183,300693,盛弘股份,2.15,6.4,9.63,14.05,3.73,,0.37,0.73,6.4,9.37,7.95,7.36,68.14,5.678333333
710,300698,万马科技,-2.8,-3.35,-2.81,-2.83,-2.81,,-0.31,0.91,1.17,1.38,1.12,1.62,-8.71,-0.725833333
430,300700,岱勒新材,0.51,0.38,0.84,0.28,-1.15,,-0.74,-2.07,-2.75,-8.61,6.26,8.77,1.72,0.143333333
130,300707,威唐工业,2.63,3.64,5.36,4.44,1.59,,1.83,3.27,4.39,5.65,12.99,12.69,58.48,4.873333333
581,300721,怡达股份,-0.77,-0.92,-0.57,-0.46,1.83,,0.26,0.43,1.12,0.77,4.1,3.93,9.72,0.81
92,300724,捷佳伟创,3.23,9.07,15.24,17.22,6.49,,4.01,9.6,13.57,14.96,13.74,11.97,119.1,9.925
69,300725,药石科技,3.61,10.53,15.8,9.72,3.53,,5.29,10.71,16.91,20.52,22.23,16.73,135.58,11.29833333
249,300729,乐歌股份,1.69,7.98,16.93,21.25,3,,1.36,3.12,4.98,7.92,7.79,5.82,81.84,6.82
348,300737,科顺股份,0.92,8.31,15.08,21.44,3.62,,1.41,5.43,8.65,11.54,6.36,5.61,88.37,7.364166667
156,300739,明阳电路,2.41,6.16,7.98,8.96,1.15,,2.13,5.3,7.92,10.04,9.67,7.75,69.47,5.789166667
496,300740,水羊股份,0.21,2.67,5.59,10.36,2.2,,0.03,0.45,0.62,2.23,9.33,7.99,41.68,3.473333333
438,300747,锐科激光,0.47,2.87,7.34,11.54,4.11,,4.7,9.99,12.44,14.16,21.26,18.52,107.4,8.95
124,300748,金力永磁,2.7,6.64,10.51,15.59,4.59,,2.4,5.23,9.1,11.79,13.24,10.63,92.42,7.701666667
37,300751,迈为股份,4.56,12.6,17.22,22.58,4.8,9.85,5.43,10.08,14.24,18.21,14.97,31.28,165.82,13.81833333
326,300752,隆利科技,1.16,3.89,5.32,4.93,-3.99,,3.5,7.87,8.86,10.51,20.25,32.43,94.73,7.894166667
108,300765,新诺威,2.94,7.01,9.75,11.19,3.03,,2.57,6.03,9.09,11.35,22.59,,85.55,7.129166667
105,600000,浦发银行,3.01,5.12,7.8,9.13,2.85,,3.36,6.51,8.95,10.63,11.85,9.48,78.69,6.5575
752,600029,南方航空,-9,-11.45,-10.35,-15.63,-6.12,,4.12,2.68,6.24,4.15,4.58,6.3,-24.48,-2.04
211,600057,厦门象屿,1.91,4.91,6.77,8.68,2.31,,2.12,4.39,6.44,8.14,8.77,6.85,61.29,5.1075
271,600061,国投资本,1.6,5.64,7.89,9.09,2.31,,3.22,4.44,6.34,7.59,4.61,2.99,55.72,4.643333333
435,600075,新疆天业,0.48,2.19,7.3,12.34,6.08,,0.53,1.11,1.14,0.61,10.29,6.83,48.9,4.075
724,600105,永鼎股份,-4.45,-6.42,-5.5,-20.63,4.25,,0.68,0.97,0.61,0.79,6.97,3.99,-18.74,-1.561666667
554,600110,诺德股份,-0.46,-0.88,-0.81,0.15,1.87,,1.43,1.98,2.9,-6.04,4.55,2.91,7.6,0.633333333
696,600166,福田汽车,-1.98,1.17,1.81,0.99,2.33,3.78,0.52,1.64,1.7,1.25,-23.54,-9.96,-20.29,-1.690833333
641,600172,黄河旋风,-1.2,-1.83,-2.82,-30.46,0.31,,0.34,1.06,1.29,0.93,-5.23,2.08,-35.53,-2.960833333
68,600183,生益科技,3.68,9.23,13.72,16.99,4.77,,3.75,9.13,12.53,16.4,15.62,13.04,118.86,9.905
470,600197,伊力特,0.29,5.23,7.1,9.8,3.61,,5.67,7.73,11.18,15.7,17.21,12.29,95.81,7.984166667
116,600212,江泉实业,2.9,2.77,3.2,7.74,0.81,1.34,-7.37,-32.72,-64.43,-151.32,-29.47,-3.75,-270.3,-22.525
226,600216,浙江医药,1.85,5.82,8.25,9.34,3.35,,1.71,3.62,4.6,4.36,4.76,6.65,54.31,4.525833333
522,600231,凌钢股份,0.05,1.93,5.17,6.74,2.75,,0.91,4.93,5.45,5.51,16.08,16.96,66.48,5.54
273,600256,广汇能源,1.59,3.95,4.39,7.95,4.54,,2.86,5.13,7.66,10.04,11.5,9.23,68.84,5.736666667
120,600260,凯乐科技,2.76,5.84,8.92,6.83,2.77,,6.11,10.72,15.13,14.05,16.33,15.33,104.79,8.7325
128,600282,南钢股份,2.68,6.71,8.79,11.99,3.97,,5.11,11.49,14.38,15.53,26.06,23.21,129.92,10.82666667
622,600297,广汇汽车,-1.05,1.29,3.25,3.73,1.58,,2.12,4.06,5.94,6.82,8.8,8.53,45.07,3.755833333
23,600298,安琪酵母,5.86,13.52,18.31,23.28,6.98,12.67,5.18,10.16,13.86,17.92,19.95,16.23,163.92,13.66
607,600302,标准股份,-0.94,-0.16,0.1,11.67,-1.25,,-1.55,-4.55,-6.21,-15.36,2.29,-2.84,-18.8,-1.566666667
484,600312,平高电气,0.25,0.6,1.27,1.38,-0.41,,0.27,0.6,1.31,2.52,3.2,0.02,11.01,0.9175
664,600326,西藏天路,-1.47,3.6,7.99,9.92,-0.97,,0.15,6.54,12.53,11.9,14.76,12.74,77.69,6.474166667
185,600398,海澜之家,2.14,7.27,9.74,13.02,5.78,,8.61,16.66,19.83,23.6,26.66,21.24,154.55,12.87916667
674,600425,青松建化,-1.64,2.42,4.88,5.36,-1.29,,-1.67,2.43,4.95,4.74,8.27,10.04,38.49,3.2075
576,600435,北方导航,-0.72,-0.77,0.25,2.81,0.05,,-0.16,0.01,0.19,2.06,2.33,0.19,6.24,0.52
16,600477,杭萧钢构,6.18,12.62,16.35,17.85,2.15,,2.81,6.34,9.01,13.41,17.54,13.82,118.08,9.84
365,600483,福能股份,0.86,2.69,5.56,9.64,3.38,,1.76,4.14,7.92,9.82,8.94,6.74,61.45,5.120833333
258,600487,亨通光电,1.67,2.99,5.7,5.31,1.29,,3.47,5.52,8.83,9.96,20.38,17.54,82.66,6.888333333
391,600506,*ST香梨,0.73,4.29,3.7,1.59,-0.62,-1.34,-0.53,-1,-1.34,-2.81,1.6,-1.56,2.71,0.225833333
63,600521,华海药业,3.78,9.76,13.59,14.27,3.77,,3.22,7.59,9.21,10.15,2.64,5.12,83.1,6.925
264,600522,中天科技,1.66,4.89,7.02,9.69,2.05,,2.54,5.39,6.96,9.26,11,8.68,69.14,5.761666667
229,600577,精达股份,1.8,4.85,8.2,10.95,2.88,,2.39,5.71,8.99,12.32,13.76,11.88,83.73,6.9775
162,600603,广汇物流,2.29,4.45,5.36,12.24,2.23,,1.76,3.27,4.68,12.65,8.63,4.36,61.92,5.16
530,600671,ST目药,-0.13,-2.31,-4.01,-55.62,-4.39,,-3.32,4.95,2.79,46.51,-15.25,30.7,-0.08,-0.006666667
176,600690,海尔智家,2.2,5.75,12.49,13.28,4.07,,5.2,12.21,17.31,17.13,18.88,17.17,125.69,10.47416667
6,600779,水井坊,8.28,6.83,26.3,34.23,16.41,19.58,10.53,20.72,33.11,39.12,31.2,26.59,272.9,22.74166667
582,600831,广电网络,-0.78,0.67,1.2,1.63,0.46,,1.17,2.11,2.26,-2.73,3.3,3.71,13,1.083333333
353,600863,内蒙华电,0.9,4.96,7,5.1,0.93,,1.28,5.44,7.25,7.89,5.97,4.91,51.63,4.3025
97,600919,江苏银行,3.08,5.16,7.42,8.46,2.85,,2.95,6.21,9.06,11,10.65,8.57,75.41,6.284166667
250,600929,雪天盐业,1.69,2.6,3.16,5.34,1.72,,1.71,3.57,4.27,5.93,5.96,4.23,40.18,3.348333333
283,600976,健民集团,1.54,4.65,9.71,11.22,5.22,12,2.31,4.79,6.2,7.61,7.12,6.44,78.81,6.5675
699,600996,贵广网络,-2.1,1.2,1.35,-1.21,-4.31,,1.18,3.21,3.65,4.54,7.12,5.84,20.47,1.705833333
174,601006,大秦铁路,2.2,4.94,7.65,9.01,2.92,,3.62,7.48,10.85,12,13.65,11.59,85.91,7.159166667
394,601086,国芳集团,0.7,1.13,2.95,5.4,2.24,,2.27,3.96,5.44,6.33,7.37,6.02,43.81,3.650833333
355,601108,财通证券,0.89,3.79,6.79,9.77,1.91,,1.94,3.63,4.86,8.77,4.16,3.34,49.85,4.154166667
753,601127,小康股份,-9.77,-6.61,-12.02,-33.47,-11.1,,-1.57,-5.68,-8.12,1.2,2.03,0.98,-84.13,-7.010833333
197,601138,工业富联,2.05,5.53,9.26,16.8,2.98,,3.83,7.25,12.63,20.84,23.37,14.97,119.51,9.959166667
400,601168,西部矿业,0.7,3.41,7.84,8.32,4.23,11.9,2.67,6.26,8.3,10.03,-23.5,5.89,46.05,3.8375
307,601211,国泰君安,1.31,4.12,6.62,8.09,3.11,,2.35,3.89,4.84,6.28,5.43,4.46,50.5,4.208333333
241,601228,广州港,1.75,3.86,5.5,6.32,1.8,,2.06,3.98,5.61,6.43,5.72,5.71,48.74,4.061666667
511,601238,广汽集团,0.14,2.87,6.02,7.07,2.72,,3.49,6.25,7.96,8.25,14.24,13.03,72.04,6.003333333
665,601366,利群股份,-1.47,-0.2,1.16,3,0.22,,2.07,3.72,4.66,5.71,4.42,6.37,29.66,2.471666667
41,601515,东风股份,4.36,6.24,8.52,12.41,5.27,,5.02,9.06,12.06,10.13,17.93,12.53,103.53,8.6275
290,601619,嘉泽新能,1.43,3.53,5.27,5.4,2.61,,1.68,5.69,8.39,8.82,10.17,9.4,62.39,5.199166667
212,601636,旗滨集团,1.91,6.31,13.91,19.26,8.47,,2.69,7.06,11.9,16.34,15.95,12.94,116.74,9.728333333
257,601677,明泰铝业,1.68,4.77,9.17,12.35,3.54,,2.34,5.11,9.95,13.02,8.35,6.75,77.03,6.419166667
513,601718,际华集团,0.14,0.05,0.16,-4.54,0.06,,0.08,0.1,0.24,0.34,-0.37,0.93,-2.81,-0.234166667
260,601789,宁波建工,1.66,3.54,4.92,7.83,2.35,,2.59,4.2,5.57,8.3,8.02,5.7,54.68,4.556666667
94,601799,星宇股份,3.16,7.82,13.29,19.58,4.6,,3.75,7.65,11.48,16.16,13.97,10.46,111.92,9.326666667
167,601860,紫金银行,2.27,5.28,7.93,9.72,2.17,,2.28,5.52,8.5,10.3,10.19,9.19,73.35,6.1125
32,601872,招商轮船,4.78,11.06,14.37,10.86,1.47,,1.39,2.32,3.41,6.37,5.75,2.25,64.03,5.335833333
380,601919,中远海控,0.81,3.08,9.9,22.6,25.98,,2.35,4.2,6.86,19.12,5.37,3.86,104.13,8.6775
510,601929,吉视传媒,0.15,0.63,0.57,0.93,0.28,,0.5,1.41,1.54,1.44,4.25,2.56,14.26,1.188333333
687,603007,ST花王,-1.82,0.18,0.53,1.82,-1.44,,2.19,5.86,6.73,8.41,9.31,9.06,40.83,3.4025
324,603063,禾望电气,1.16,4.75,8.9,9.53,2.28,,1.29,0.94,2.23,2.68,2.25,1.83,37.84,3.153333333
221,603081,大丰实业,1.87,5.92,9.66,13.77,2.8,,3.23,6.19,9.34,11.67,13.42,9.52,87.39,7.2825
420,603089,正裕工业,0.58,2.9,3.87,10.73,4.72,,3.7,6.51,9.24,9.06,12.92,8.56,72.79,6.065833333
334,603108,润达医疗,1.13,3.72,7.58,10.3,2.78,,2.58,6.52,10.64,11.22,10.45,9.78,76.7,6.391666667
62,603113,金能科技,3.88,6.84,9.91,11.03,5.55,,2.9,7.45,10.86,12.93,26.1,19.72,117.17,9.764166667
333,603118,共进股份,1.13,3.96,6.42,7.39,1.27,,1.85,3.96,6.04,6.99,4.26,2.62,45.89,3.824166667
673,603167,渤海轮渡,-1.57,0.03,2.45,4.02,1.06,,5.18,8.35,10.38,12.08,11.63,9.57,63.18,5.265
216,603179,新泉股份,1.89,5.01,7.89,7.48,2.7,,3.32,5.93,8.14,10.76,17.48,14.26,84.86,7.071666667
374,603214,爱婴室,0.86,4.33,6.16,11.43,1.1,,1.96,6.76,9.2,15.21,13.55,7.89,78.45,6.5375
431,603225,新凤鸣,0.5,1.72,2.22,5,3.94,,3.18,6.75,11.98,11.61,17.26,17.59,81.75,6.8125
707,603227,雪峰科技,-2.71,0.92,6.84,7.92,1.28,,-1.7,1.42,7.07,7.53,4.37,3.64,36.58,3.048333333
59,603228,景旺电子,3.91,8.29,10.87,14.06,3.73,,4.02,8.55,12.13,15.43,19.37,15.87,116.23,9.685833333
21,603233,大参林,5.9,12.57,17.36,19.72,6.14,,5.7,11.42,15.83,16.57,17.49,14.11,142.81,11.90083333
248,603259,药明康德,1.7,9.26,7.42,9.11,4.24,,2.1,5.95,10.25,10.71,12.77,18.24,91.75,7.645833333
266,603266,天龙股份,1.64,4.13,6.95,9.04,2.75,,1.32,3.26,5.67,7.14,7.91,6.59,56.4,4.7
204,603320,迪贝电气,2.02,3.24,4.47,5.81,2.43,,1.85,3.5,5.28,5.95,6.9,5.84,47.29,3.940833333
200,603323,苏农银行,2.04,5.06,7.36,7.91,2.05,,1.95,5.25,7.28,7.93,8.52,7.79,63.14,5.261666667
618,603333,尚纬股份,-1.03,1.26,2.97,1.07,0.14,0.95,1.33,4.29,6.33,6.76,4.09,3.6,31.76,2.646666667
236,603336,宏辉果蔬,1.77,4.27,5.61,6.83,1.59,,1.88,4.92,7.41,9.04,7.87,6.82,58.01,4.834166667
448,603348,文灿股份,0.42,1.41,2.97,3.24,1.91,,1.66,1.69,2.12,3.13,6.13,5.2,29.88,2.49
330,603358,华达科技,1.14,2.98,4.54,8.22,3.24,,1.37,2.7,4.66,5.87,7.94,7.07,49.73,4.144166667
704,603377,东方时尚,-2.59,1.07,4.43,7.03,1.88,,1.69,6.08,11.18,13.84,12.77,10.77,68.15,5.679166667
154,603458,勘设股份,2.42,5.63,10.25,16.91,2.5,,2.92,5.57,9.99,16.37,15.83,10.54,98.93,8.244166667
480,603516,淳中科技,0.27,4.75,8.64,12.5,1.12,,2.37,7.57,11.89,13.71,11.23,9.28,83.33,6.944166667
523,603518,锦泓集团,0.02,-0.09,-54.45,-32.03,4.68,,0.51,0.98,1.17,4.2,11.29,6.01,-57.71,-4.809166667
682,603528,多伦科技,-1.8,1,3.46,4.48,1.24,,2.8,5.19,6.98,9.59,9.16,7.43,49.53,4.1275
43,603568,伟明环保,4.28,10.86,18.07,22.9,6.45,,7,14.04,19.55,23.14,24.04,21.02,171.35,14.27916667
235,603579,荣泰健康,1.78,6.5,10.08,11.63,3.99,,3.73,8.83,13.36,18.14,16.72,12.8,107.56,8.963333333
72,603587,地素时尚,3.55,9.3,14.13,18.31,5.38,,5.94,11.21,15.15,18.86,18.6,15.18,135.61,11.30083333
172,603599,广信股份,2.21,5.31,7.93,10.43,4.75,,2.82,5.33,8.3,9.94,10.11,8.25,75.38,6.281666667
51,603601,再升科技,4.1,12.57,17.72,19.74,4.21,,3.49,7.31,9.7,11.99,11.97,9.46,112.26,9.355
680,603602,纵横通信,-1.78,-3.3,-3.25,2.28,-0.53,,-0.69,2.53,2.97,5.47,6.59,3.74,14.03,1.169166667
539,603608,天创时尚,-0.26,1.71,2.9,-27.07,1.47,,1.83,5.85,8.1,9.63,11.24,8.91,24.31,2.025833333
469,603618,杭电股份,0.32,2.33,4.27,4.31,0.71,,1.03,2.36,3.73,4.39,4.53,3.41,31.39,2.615833333
731,603660,苏州科达,-5.42,-6.92,-6.16,4.41,-2.09,,2.74,0.59,1.29,4.99,18.58,9.1,21.11,1.759166667
419,603667,五洲新春,0.59,1.65,2.66,3.45,1.8,,1.43,3.59,4.97,5.91,6.09,6.83,38.97,3.2475
30,603669,灵康药业,4.78,5.92,11.16,10.81,2.31,,2.55,8.27,11.93,15.34,13.25,12.2,98.52,8.21
342,603677,奇精机械,1.02,2.92,4.94,5.41,1.92,,1.76,3.52,5.26,7.1,7.46,5.5,46.81,3.900833333
205,603688,石英股份,1.99,7,7.81,9.66,2.12,,2.02,5.47,7.93,10.6,10.1,7.5,72.2,6.016666667
26,603708,家家悦,5.69,9.6,12.56,14.13,4.4,,4.96,8.42,12.49,15.68,15.79,11.61,115.33,9.610833333
446,603727,博迈科,0.44,1.78,3.31,5.38,2.09,,0.15,0.59,1,1.48,0.29,-1.24,15.27,1.2725
429,603729,ST龙韵,0.51,0.71,0.72,-2.75,0.95,1,-1.55,-5.09,-5.93,-7.28,2.62,2.21,-13.88,-1.156666667
209,603817,海峡环保,1.94,3.83,5.51,7.16,1.78,,1.97,3.9,5.68,7.6,7.66,5.29,52.32,4.36
627,603833,欧派家居,-1.07,5.1,13.17,17.29,1.99,,1.2,8.02,15.24,19.24,20.78,16.7,117.66,9.805
146,603871,嘉友国际,2.53,8.26,13.49,16.63,3.73,,4.25,10.55,15.53,18.39,17.12,14.63,125.11,10.42583333
568,603879,永悦科技,-0.66,0.28,-0.24,1.19,0.6,,1.11,2.57,3.89,4.63,6.97,6.37,26.71,2.225833333
129,603890,春秋电子,2.66,8.32,11.4,13.8,4.14,,1.43,1.87,5.61,10.21,7.69,6.5,73.63,6.135833333
573,603898,好莱客,-0.69,3.14,7.05,10.46,1.47,,1.65,6.43,10.34,14.29,16.54,13.38,84.06,7.005
457,603912,佳力图,0.37,4.62,9.05,12.14,2.27,,3.77,7.05,9.88,10.71,15.2,11.8,86.86,7.238333333
397,603937,丽岛新材,0.7,2.78,5.63,7.66,2.31,,1.72,4.06,6.57,8.15,8.69,6.71,54.98,4.581666667
180,603979,金诚信,2.18,4.41,6.17,7.7,2.55,,1.92,4.02,5.53,7.26,7.19,5.58,54.51,4.5425
100,603986,兆易创新,3.08,3.59,6.42,8.23,2.72,,1.98,5.19,9.07,11.61,21.34,19.22,92.45,7.704166667
619,603997,继峰股份,-1.05,-8.98,-7.4,-6.04,3.01,,3.06,6.38,10.1,6.57,16.17,12.82,34.64,2.886666667
604,688027,国盾量子,-0.9,-1.37,-1.4,1.76,-0.81,-1.15,-2.13,-2.63,-3.71,5,8.01,,0.67,0.055833333
74,688098,申联生物,3.54,4.6,9.81,9.27,1.98,,4.18,4.62,8.76,6.08,10.52,,63.36,5.28
337,688981,中芯国际,1.1,2.79,3.03,4.37,1.02,,0.22,0.56,2.07,4.13,2.45,1.97,23.71,1.975833333
